--DateFormat[dd/MM/yyyy],,,,
CellName,PageInstance,AdjustmentValue,Comment,RowKey
RSSD9130,1,,,
RSSD9028,1,,,
RSSD9220,1,,,
RSSD9017,1,,,
RISKC490,1,,,
RISK9116,1,,,
RISK8902,1,,,
RISK8901,1,,,
RISK4086,1,,,
RSSD9200,1,,,
RSSD_ID,1,,,
RISKN508,1,0,,
RISKN507,1,634,,
RISKN506,1,-780,,
RISKM718,1,47,,
RISKM362,1,0,,
RISKM360,1,0,,
RISKM359,1,0,,
RISKM358,1,0,,
RISKM357,1,0,,
RISKM356,1,0,,
RISKM355,1,0,,
RISKM354,1,0,,
RISKM353,1,0,,
RISKM352,1,0,,
RISKM351,1,0,,
RISKM350,1,227.4,,
RISKM349,1,0,,
RISKM348,1,225.4,,
RISKM347,1,23,,
RISKM346,1,0,,
RISKM345,1,0,,
RISKM344,1,0,,
RISKM343,1,534,,
RISKM342,1,0,,
RISKM341,1,0,,
RISKM340,1,0,,
RISKM339,1,2,,
RISKM338,1,6,,
RISKM337,1,456,,
RISKM336,1,0,,
RISKM335,1,3,,
RISKM334,1,2344,,
RISKJ458,1,0,,
RISKB989,1,3123,,
RISK2170,1,2,,
RISKM386,1,272,,
RISKM385,1,227,,
RISKM384,1,0,,
RISKM383,1,0,,
RISKM382,1,75,,
RISKM381,1,8,,
RISKM380,1,53,,
RISKM379,1,0,,
RISKM378,1,43,,
RISKM377,1,0,,
RISKM376,1,540,,
RISKM375,1,0,,
RISKM374,1,0,,
RISKM373,1,0,,
RISKM372,1,0,,
RISKM371,1,0,,
RISKM370,1,0,,
RISKM368,1,0,,
RISKM367,1,0,,
RISKM366,1,0,,
RISKM365,1,0,,
RISKM364,1,0,,
RISKM363,1,0,,
RISK2309,1,540,,
RISKN509,1,0,,
RISKM408,1,0,,
RISKM407,1,0,,
RISKM406,1,0,,
RISKM405,1,0,,
RISKM390,1,678,,
RISKM389,1,0,,
RISKM388,1,0,,
RISKM387,1,0,,
RISKM437,1,0,,
RISKM436,1,6536,,
RISKM435,1,0,,
RISKM434,1,0,,
RISKM433,1,0,,
RISKM432,1,0,,
RISKM431,1,0,,
RISKM430,1,75214,,
RISKM429,1,0,,
RISKN255,1,77793,,
RISKN511,1,785,,
RISKN510,1,0,,
RISKM428,1,0,,
RISKM427,1,0,,
RISKM426,1,-578527,,
RISKM425,1,0,,
RISKM424,1,578527,,
RISKM423,1,0,,
RISKM422,1,54240,,
RISKM414,1,78578,,
RISKM412,1,78578,,
RISKM411,1,0,,
RISKM410,1,0,,
RISKM409,1,0,,
RISKG506,1,0,,
RISK2948,1,0,,
RISK1773,1,0,,
RISK1754,1,0,,
RISK6980,1,,,
